{"totalStatistics":{"falls":61,"jumps":293,"time":907.4825439453125,"totalTime":907.4825439453125}}