{"totalStatistics":{"falls":91,"jumps":647,"time":1657.374755859375,"totalTime":1657.374755859375}}