{"totalStatistics":{"falls":128,"jumps":874,"time":2292.774169921875,"totalTime":2292.774169921875}}