{"totalStatistics":{"falls":12,"jumps":93,"time":226.51641845703125,"totalTime":226.51641845703125}}