{"totalStatistics":{"falls":83,"jumps":677,"time":1895.96630859375,"totalTime":1895.96630859375}}