{"totalStatistics":{"falls":22,"jumps":280,"time":1024.263671875,"totalTime":1024.263671875}}