{"totalStatistics":{"falls":12,"jumps":94,"time":477.8646545410156,"totalTime":477.8646545410156}}