{"totalStatistics":{"falls":38,"jumps":391,"time":1522.56103515625,"totalTime":1522.56103515625}}