{"totalStatistics":{"falls":132,"jumps":772,"time":2213.534912109375,"totalTime":2213.534912109375}}