{"totalStatistics":{"falls":107,"jumps":608,"time":2247.236083984375,"totalTime":2247.236083984375}}