{"totalStatistics":{"falls":26,"jumps":199,"time":447.6835021972656,"totalTime":447.6835021972656}}