{"totalStatistics":{"falls":102,"jumps":679,"time":1278.2120361328125,"totalTime":1278.2120361328125}}