{"movesSize":0,"totalStatistics":{"falls":85,"jumps":558,"time":1653.40673828125,"totalTime":1653.40673828125}}