{"totalStatistics":{"falls":98,"jumps":673,"time":1643.9244384765625,"totalTime":1643.9244384765625}}