{"totalStatistics":{"falls":66,"jumps":405,"time":756.9364013671875,"totalTime":756.9364013671875}}