{"totalStatistics":{"falls":96,"jumps":598,"time":2849.374755859375,"totalTime":2849.374755859375}}