{"movesSize":0,"totalStatistics":{"falls":73,"jumps":466,"time":1246.320068359375,"totalTime":1246.320068359375}}