{"totalStatistics":{"falls":22,"jumps":142,"time":403.06280517578125,"totalTime":403.06280517578125}}