{"statistics":[{"falls":1,"jumps":1,"time":3.1563045978546143}],"totalStatistics":{"falls":1,"jumps":1,"time":3.1563045978546143}}