{"totalStatistics":{"falls":105,"jumps":642,"time":1536.9935302734375,"totalTime":1536.9935302734375}}